Date,binance,coindcx,bitforex,upbit,bitrue,nami_exchange,okex,b2bx,lbank,gdax,mxc,digifinex,gate,pionex,kucoin,bitget,uniswap_v3,bybit_spot,xt,hitbtc,bitmart,bione,bitcoin_com,bkex,whitebit,btse,huobi,dcoin,kraken,biconomy,bullish_com,changelly,bingx,cointr,azbit,tidex,binance_us,coinstore,coinsbit,p2pb2b
2023-04-01,10733247457.626478,5888126287.870831,2577157575.26866,2984720876.249448,1690035431.635161,1338409289.3730044,1384707532.961341,1438471810.455107,1192496545.3459215,1393620241.0590923,1226407625.897183,24100316547.846928,988929429.5392538,454985196.5528416,694777067.7823826,747179211.1644617,783988646.3341477,721733560.618284,577138601.7949194,740077437.4112626,775842613.9672041,585229444.6103356,730328429.5508074,920620945.365738,636066449.2685275,459858199.8457306,520400243.15516806,629661594.8747488,684693232.5966672,504745238.0839564,384744411.8851248,555445537.2110801,307253385.4313464,757525686.4234501,295713994.025538,543247423.6759036,656828592.0757017,182677675.71662736,416402591.9428241,255018842.51647928
2023-04-02,6883028575.402079,3621203030.1627455,2230945598.736907,2605125165.38308,1204433445.441588,1133797420.764466,888173562.5550979,6877598564.4930725,1204984430.3754554,758897793.1875614,1176671507.6494062,327734636.20038545,618102171.5670463,211657618.30723825,545066202.1468205,569947719.368983,489996974.2950732,377691222.0705142,425663466.9786319,497332951.5192025,456131190.22950673,533273030.49249154,481175830.1962212,708701966.3907757,289149850.4701149,378999106.2212734,402440985.4188825,390018579.8967515,282887255.9322972,488176589.7736676,142958924.46802723,323719595.6951994,233536460.0632426,405297058.6186272,363266036.1384512,287710605.3889786,300457632.992083,162032334.42622185,227334700.9773404,156966428.4771259
2023-04-03,6881775792.739411,3989592817.28244,2472997926.219384,2281252899.939624,1141046114.2957454,782044043.0681423,971967737.1003302,33685598403.74025,1236759664.7054832,595221963.1328629,709713227.7355064,319162567.22215146,627432964.8037058,222675043.142048,557297900.8427969,450669905.8920284,388567449.6550309,407040233.452812,429910458.8801064,438779482.090071,443311453.9294444,480340320.9078843,418363652.1170982,568392692.8525432,262638856.4545286,375762182.4436375,395418214.1757048,406998986.9318503,230469911.37518972,514134434.4339191,157906013.00065818,287028373.04916704,238312100.94131944,389488370.0506079,364525799.0718613,293001711.8439138,305014182.7670867,162270174.22753307,218323803.25965068,154146123.98400298
2023-04-04,12270505711.080338,6902359550.450789,2673378241.0720587,2510500966.5567656,1637858485.2120745,1158535016.2356062,1712183036.3620992,3302471138.9371176,1100651807.6228096,1471853939.0697412,710293279.2500643,607756841.159146,1180851252.0525198,475003025.2849079,863852609.8020167,475984494.1432764,788584343.5942353,883714722.9815135,693473691.456135,791176582.473985,860734947.9557039,999373220.3703848,759765965.1291301,817551900.3888081,528865236.2681963,371644109.9384537,540204840.3930843,645309272.1781027,734763856.0392399,656050870.9575037,444697921.6197844,571496352.3222615,427138483.0498051,594335958.610465,359199124.4933477,615440345.6668272,789855803.7347124,191416184.36457828,405148476.9220974,277285303.51849705
2023-04-05,10409395835.012646,6008416774.922845,2817093070.919181,2585335999.8301024,1421776079.8892171,912253378.7451642,1550563703.8817496,18707341868.377605,1219674952.448809,1396626391.8820417,788938635.6156887,468025944.38034606,1278453644.6990783,412641575.09338623,715364750.7604924,613760738.1550024,814586201.0663062,777404767.5277909,541767944.18367,770050670.4163454,851101174.815204,913185956.501058,750086435.6048933,678322432.2136289,610072634.1104398,409151781.7909324,538029386.2529956,617957353.2588592,658192411.8950156,595440477.7811757,342568724.6267565,566284668.5527564,341023974.0749693,475809391.9717529,366485549.40443885,527645844.5079261,671523585.8808837,178926965.95202497,364755647.2910233,259794058.96045667
2023-04-06,10041383951.062431,5546361873.562283,2711225398.8270493,3306950120.840146,1477474515.1300082,1125012692.634307,1469174675.2129974,16192242.540284242,1296952294.6488223,1360212581.8949718,956550846.4712018,441992048.33697605,1221729999.6737382,411721767.3983602,738909487.6659232,561578044.0421095,775195538.8092881,751408479.470446,643495724.8564192,739101682.71139,885429862.6612667,696338977.5604291,699184316.3946456,778991171.0489892,730725460.6257505,433255482.60739017,561728318.7053868,596352399.9163759,613388343.9585335,609924877.4190004,405523278.064321,510546142.6756109,356053776.1925366,434588202.7437699,370296019.7964958,487088241.800155,673531514.6596957,167797954.53676274,355006933.8348803,237337711.91696995
2023-04-07,8084277508.817715,4941349165.01189,2784530565.7640843,4359660326.218473,1207346539.828522,1071158166.6874416,1002972995.6900976,13688646.212183496,1252687177.235854,960190333.7229272,1032608078.4612525,401021728.0147935,889294940.9467009,329914122.4094369,561990281.8377465,546425589.984791,618362387.1060917,531048950.1494346,821658665.7678854,567374697.9349834,575932316.2050052,597389073.2282659,546406965.5755213,708649869.7321333,472331574.5445385,487879999.8139629,465676134.31894696,479319533.3391416,453205903.4801713,530356905.8235381,263373266.43319023,362016188.4291822,268916226.72248703,380736586.0337538,370530068.61586505,344683548.9843854,459374872.77684337,157214922.94407436,267727987.53866065,170031601.2645402
2023-04-08,5877223922.719977,5023586668.668801,2462568977.400826,2394431189.290002,994253349.487737,760669430.2356926,759404706.30505,11265924.425043276,1140350175.3873494,624947618.6987017,753207629.1129248,320987940.1254371,663441659.8644326,206982242.54143697,7636292561.934975,438891333.85658073,362077751.0748279,364548891.9195462,623765860.0568724,391618200.5421956,444740371.86461633,431233412.73238736,374809353.9497508,971502756.4727817,273577375.353876,480353685.9975091,396408158.7174261,359843723.6878023,262129142.44382507,474578837.1262808,144682755.79530042,228308205.8513904,216586188.6889279,268726770.7584056,365257071.9931984,238768844.2457449,280340428.3040568,147744821.1339605,186719303.4147665,121486738.1708568
2023-04-09,6720124013.518194,5108243533.389892,2233317626.26745,1695276643.7645073,921043089.3466676,730474533.3445208,596014920.6584705,11584437.511829857,732200940.2855608,452403915.510081,680695272.8507211,491770343.7275576,501813861.6151789,172569313.6470547,355662649.1960142,424508628.85851526,278170724.1280255,237493922.73421752,537053462.0970819,321393905.116966,345831959.99852985,273095521.2204625,307262556.0752529,641591152.431395,220373839.56200013,497770531.0100699,366344867.1723038,262730082.930979,157711476.6597271,453049227.5438191,78571849.51897952,208292513.89924783,203216070.8630093,231602314.26542425,365776496.1106224,185822216.7446132,164379202.54589373,145663009.935079,151553416.55446535,103714634.37463284
2023-04-10,7012379151.298336,5084488815.789266,2514487667.0287466,1334103009.0303004,1066003772.0477148,850316517.421533,664392131.5971056,18915261.71400402,766668806.7850721,534761746.5025811,921483815.0060998,397963959.4876534,620679143.7319765,234547806.1691365,415196891.139703,413969824.8639695,319749995.5570053,297052114.6870187,656144248.6784986,359059717.87398493,432726103.5717607,287149000.49504584,350880197.2228012,814454048.0997765,301764381.4041852,512161442.0408323,381617265.06354016,308532015.46621823,198628749.2597204,492119259.0658055,134911112.99985862,247950977.04373303,258688898.5946161,260219609.83976784,361852813.2179639,244203937.4293337,261547137.41415408,229468223.88563323,183507092.4981976,124895455.57895924
2023-04-11,9228966689.17569,5014551018.379545,2352581971.845102,1699423688.8801324,1353021770.871061,1102153773.1637166,931923091.3428768,28059848.66087017,1038876609.2575618,1020545411.52501,927441002.819205,420442882.7187168,888706669.885772,435413697.5915759,564774000.8509972,473773779.3931128,404149675.80769366,565322803.2128193,745199411.4399346,535465855.11991936,881729365.0443207,395563110.4363369,526390506.4508279,759280258.2045121,816061135.6860237,571477966.7592515,514341204.5576685,400689868.2063344,561050759.105804,630396333.2590526,257839817.9434422,405505818.0473644,409073747.3872885,494383020.4203172,368682258.6457455,403850966.4405061,450563938.0565886,508596874.2032769,311955592.2781254,183199106.0779387
2023-04-12,11677848230.393398,5043306947.538608,2367828069.822055,1863607857.0403104,1639449830.0727315,1603246330.1227648,1358861071.9369235,20477073.466495145,1488156903.3266704,1509842647.0595262,1332920172.3991332,546825124.4423089,1057996446.6352396,541585555.9327297,798085417.9371053,692658569.4754567,604447360.0231842,739205886.6125599,881877240.3226362,774567293.7502038,943871973.2839324,736539517.6594383,753117968.7449766,387919858.7305116,699367674.0626048,546956307.7827237,531301925.6859813,532464394.175744,850965112.9593358,691111953.8782511,385501025.8421002,610538153.3508923,598903979.2679635,612892866.0441962,373005936.4796943,549400175.9869413,688492250.147071,470803465.3439092,426001479.0069637,237165964.6796312
2023-04-13,11455517154.41041,5155116715.134645,2519845930.0014133,2107643560.9790604,1690212045.5716903,1957813410.3790464,1326812211.55634,15756944.37651892,1460000077.195045,1424937418.2779648,1138629880.6239376,655721506.1286204,1105081249.8592448,606258872.8374735,769424749.4213327,677460969.0686202,684146639.072167,674335279.0302036,892174478.8748949,759004719.8522527,852463660.5237687,691957891.9544106,725012076.781475,1153905121.9371245,614309637.395959,405039578.8535493,553801181.8814046,544232585.252714,663344500.3046341,642299134.9166923,348107973.9400488,568910001.127535,518191272.802831,624789807.7995334,371887633.7383391,546018129.4888414,571294142.3816264,445802252.0253167,402109116.2954809,266169448.88486788
2023-04-14,10878971408.219038,5252086179.059609,2724978733.859654,1304084791.0860152,1588422266.164803,1382743538.0707836,1217160690.2142973,14778037.00819754,1462993139.7179172,1442858922.5046418,1118201246.8435757,597719485.342035,1244222261.544583,730797189.7341287,702995981.325014,712443037.7838085,899502629.7840229,677022408.0595015,938308880.008769,683102220.7862048,837207831.9609084,672698746.5769109,652730934.6216345,836825276.639829,605152364.7735163,424013626.5046072,512010168.7827635,531669635.1438071,620641455.8844889,607461147.615662,364844129.1623979,523251262.6419212,490230169.8902088,622587828.07081,380144334.33768255,524770062.93692297,618482506.5198541,489529108.6924154,394216038.2064012,302201579.9400445
2023-04-15,15817764923.89027,5417503493.611474,3348371705.09156,1937525280.4179688,2154253808.906885,1793181295.7648237,2148511816.8323274,19643538.7813792,1488795927.7757192,2209220426.783594,879818880.7914226,945262948.8784144,1839775491.193068,1081427297.9615211,1089301484.674969,829983560.7424828,1227216978.0490592,1096719380.5795789,1277081066.3227313,893566844.3191081,1162061158.4814854,1002373377.675904,853923192.668016,586703574.4218521,1080526140.0768254,446241833.5992678,611185876.1200184,652724833.9600004,793101044.3616629,705371363.9890764,568351028.4881986,660114170.3716712,678501690.857074,838242204.9370503,389131327.3666698,714551081.2140886,831840182.6563509,532237181.8355149,533090196.3558376,415795132.41173553
2023-04-16,8238395309.125036,5156437655.082005,2653138643.502659,1198202720.1040509,1296144814.2138038,1173097434.7762551,972478371.2426852,7789386.3999607535,1362327721.930244,887237479.2146536,939156847.2856666,437440702.3262993,939104755.611789,369083068.788954,619153740.1859674,732045507.7023393,584649601.330536,471215979.80224544,732227569.3600836,543291618.0235269,450107235.4988319,478386693.8571327,514544595.4747871,502484234.94340926,340493263.3125567,431081784.8169637,412710429.6827999,379982008.00896543,264394668.69668323,505716124.9643658,175730223.82393214,369436286.89015263,384586125.7394387,415444144.6270714,391677727.9198101,303576477.15178615,373934282.92903066,445319611.9794868,236117922.45675683,183472232.79573816
2023-04-17,8615890948.829561,3883838713.138397,2999146360.6337004,1133161866.3605163,1353051003.9482815,864091451.936818,949725891.2847408,15508980.223758832,1126293637.2101989,891425506.144714,686699841.4793897,462127434.7332888,965135055.3298516,366007889.06324905,611939288.0455376,576160895.3657829,543532730.0059637,496908262.7187641,597546687.3146838,444082716.3683956,474725088.69890416,560288301.4110969,422676156.3230416,520944042.5536678,397899470.0846484,408967549.1954584,466799884.4511605,374225056.17342895,264041887.7069488,510175360.7372525,192427084.69965097,280183439.2956988,383475250.0579978,391874134.8935766,398553155.1417509,319980989.3108363,374723269.4489648,426059173.8355928,250733050.9656906,186348919.33743328
2023-04-18,12138945849.361237,6166863060.362479,2779445409.002248,1719755465.2058566,1722336061.554139,1216508186.2536669,1258153742.6875503,26307003.116030443,1150166773.2419877,1471142798.7415705,839941276.661794,610502064.0072716,1148221821.9082596,657490679.6844211,866738086.0806206,631263462.6043285,765285709.964514,693790371.6542753,684455854.022019,704116599.2659178,898246443.8311757,745794155.5504708,660201844.6746469,783067405.6292179,555076731.5915272,477135526.39590245,526367658.8314725,485979375.4871176,602532904.3941787,602173047.9400309,339010890.9149282,480513901.5583549,532515717.313376,612013228.0455073,399647580.4104586,511568403.1724713,573412518.0601256,420694033.1216906,363024818.1170046,261294452.784318
2023-04-19,11894074738.878838,5306701735.101573,2744791916.8360267,1630809745.1045578,1747257612.0892866,1550804183.4201837,1184220394.3408566,15015214.18268812,1182743717.7672625,1337057490.5654545,1045846082.2720032,612911934.4155116,969460344.1888174,687556923.900969,800422438.3466289,612895624.1865977,623664594.764876,700914617.647373,646207938.657515,618467824.2559966,810258018.7685298,668645234.9718435,578123321.6324604,751646143.9104341,589766457.646481,548961440.712927,537844061.4514796,502953924.39746207,692008623.280031,643741138.5437864,348411560.4780799,421126041.5675172,548205995.7097058,670544122.6926354,386816415.98216605,479900252.2652924,574099799.4855673,426088175.6457978,377702279.8472698,259376757.68872333
2023-04-20,14409665487.43114,7564849003.205935,3091978816.6408777,1762653514.4794774,1880677265.3663263,2696588565.643892,2208682411.3904023,21977654.093461502,1163434315.97916,1988000258.1778443,1258814405.7199018,916577394.502992,1222336534.9894068,960878439.4005188,1104384509.7865496,817058802.6738268,880940640.5523134,940522585.0459068,722296436.5741737,894584449.14439,1430953530.295694,1008052190.1041664,827087525.8421354,898009168.2332196,926220761.7947494,730081293.9548312,653191187.0048653,643265337.4250396,831407395.8879721,676792271.0401776,748636177.3503442,633971058.9591173,712187619.8502502,603664722.4666575,390969152.5889392,691279636.9123719,748845102.6609458,367262791.7596713,496313837.7563925,341658983.75953054
2023-04-21,13386040563.872234,8072171135.813246,3213168735.5631046,2480220361.365224,1735104197.523465,1428320104.2325675,1762462620.0390575,14150757.555094976,1486072168.7383797,1668174506.5626483,1071151984.2631724,619746241.7190621,1077286931.7182758,960130175.433026,889201490.3145814,905308009.8494364,911577135.2167064,890630209.601553,679540150.4184967,994072440.8989006,952683528.6103176,956493443.1841142,930164551.8785758,877893262.760342,803612768.18517,552608171.9692556,573943943.1219866,760947185.3174753,686845294.9279758,681061611.4872521,675778134.4054661,749422428.91142,651770974.9846303,521787219.90032494,368325316.1695928,634210656.2663449,699166153.127583,381828633.3530419,466475192.8051083,335416282.9183732
2023-04-22,11683464300.26872,6236700168.549942,3038387893.290636,2622406888.008726,1517902710.0741265,1679506819.327914,1554390031.6488323,17328826.31937333,1415411065.115716,1598100234.6910486,946331799.4351472,471622070.8052897,977607733.5828416,943065744.4027588,818350982.4703555,790926017.330727,968298091.3659788,852923645.9610687,655227968.8377872,815951825.92982,970858781.4216708,841705634.4150747,753280465.5829085,781479995.2284154,784693188.0882293,606465167.8639395,582230817.4121084,641662518.2022487,660908242.6541213,639359581.4658484,595520308.9808648,613329410.3885797,592732399.4046799,466281082.208848,366076269.638319,566738880.2290109,587559109.8150631,382648490.6705795,432468031.7404784,317787684.6383309
2023-04-23,6267926186.603098,3212964386.098688,2978397278.413678,1633313128.6910436,993848793.8349954,1039018156.1242852,736867191.523426,9129681.287843056,1398851308.292076,607937396.09426,787635588.7396516,256882945.3562352,553218896.6163439,442236207.08116496,461628361.6003091,706455835.0297728,335423897.3036694,476487317.0175936,420698768.60801744,459944618.1892979,452290941.2432929,454680080.0840516,436027006.8447608,441003949.6843553,412775927.9289557,523757590.8935197,421412691.9322177,380843589.00890267,228913369.1611264,505751761.8624972,209323920.173272,347249651.50614864,333602186.12502,332374967.8113878,362733562.3238124,280508342.81114554,239068930.4288701,351518271.3673258,234792410.74176764,164904356.46695426
2023-04-24,6390531933.328674,2797056877.212161,2871408009.0355086,1134778414.2779832,975136283.6354352,1023204870.6483524,659855175.8852905,13566989.782778507,1155841246.149606,570310668.2098131,805314356.8851854,246420707.8958949,556409284.6019459,445871552.31647646,471240918.7875014,502392749.0212839,363025177.0183007,411701451.5588039,463601955.22236925,385413853.5455807,425659560.8811614,442372855.03228086,359926142.73325443,456291775.8488444,394739880.7843165,548590944.4668412,402356442.5575746,432793418.9615909,223854074.1702164,514448748.2269887,269223051.4265238,282336838.9340006,323101466.0450988,291087198.17074007,363831832.83657527,287149477.4084812,346262796.9985067,328581879.7802608,238792380.46303803,159928595.1283601
2023-04-25,8575411144.016908,4203080700.8163567,2971478861.5799656,1292400602.5102725,1277753574.1502554,1178531835.1460116,1066697689.8465488,25260309.714748222,1008562455.543498,998565904.8003956,1050884329.308097,339999964.04775643,742993285.040726,631922965.0608838,589628693.394922,558302800.3255773,603491001.1383655,583334438.9155612,631091877.0491487,545638950.0797384,658086209.6872063,609428941.9937046,517664941.4906957,555533280.572141,625323428.0637344,552401570.4365005,491138148.9039965,608311797.8609601,516465069.2698265,569907892.0626175,462543129.0331358,422338303.9521333,374798057.4895901,366381559.6818149,365337715.63977855,389267463.9451217,508755049.9796031,322523583.83310294,340229496.49105704,214627765.27769804
2023-04-26,8203596765.05826,3915232636.886179,3162182498.7298985,1481186420.582536,1530000053.8771818,854230159.0261555,875377100.8046695,14649767.10417191,1016858095.4993848,958171690.2450622,913374159.8801107,307706810.1160423,710432040.4966865,587881147.5418464,549717277.2163448,517620902.3665635,556210039.0508226,634942127.5144234,657799693.1441641,533096863.0831116,641939396.0649507,546793587.974161,520096364.8601618,489181007.4092312,520024561.7991369,538285439.5569764,488185376.86324906,553176053.577542,531298569.1073448,545735999.4832822,357608928.9801973,421269718.1199847,817523638.2065817,364175611.007212,981971717.5721192,364888569.4003956,418834221.03122014,365411049.0433141,319456227.9924548,205284179.0456217
2023-04-27,16199921287.136915,8206622944.576706,3240442564.9486623,1962807772.1040485,1999871693.7711413,1405894001.6170688,2402869048.9634347,29171046.77775696,1562419762.632263,2059584608.5568776,1066137679.945406,645934870.0928661,1221625669.543741,1697155754.6833944,993115327.3383516,731565303.47863,1055891274.61273,1284083643.6283638,878339393.3038524,919260887.844936,1625745004.2272203,999971870.463738,865999225.1415201,942578103.1346962,1229581778.0510898,614269603.7120565,769570144.0496302,748119154.8545738,918598619.6545604,682387669.6706593,917583666.5232404,701856286.8179929,842823151.6133915,572429608.3053972,374260373.1025896,806994069.0629786,877722197.5094653,433005779.953359,663608040.3902627,422194290.1582948
2023-04-28,12946800711.748043,6539796649.621947,2734438884.4419923,1280776262.3381095,1721615049.3209991,1963946522.2625785,1574032235.9875064,13166168.340507748,4233736278.600224,1717687056.5346715,1109341364.8794918,510499730.3560001,1074271954.6845517,1364915530.2291706,796929976.8916259,826880209.6914172,1071647291.7906272,1063823922.557806,776004005.3141809,1096729092.5364144,1142493245.5156653,751177895.7629766,1073978244.7364008,747431520.2265155,1082999044.6275003,700621660.3457587,582191451.1250336,920840405.2924773,721510953.6146089,500605215.6747977,1112006849.6263623,919587328.788936,588777411.17954,566314883.9448457,370587836.7476766,667574413.3852555,886833486.924676,393911694.6752322,561004234.4945902,368803610.5563458
2023-04-29,8962369304.012285,4336497148.542982,2853742140.0476427,1068561818.8930416,1297740078.239605,1150727377.4302902,842406106.9823817,10551730.96539749,1763393360.6087277,1084542448.8578317,977385397.9802616,304388895.6255803,707614446.2223608,795659780.3920382,573582491.2996738,583878695.5827255,504588559.4544705,706744396.4244119,554714767.1083418,569655121.636494,376834468.1927633,613510175.4291892,540044103.3465075,437978683.3907076,467824998.7324359,681075413.3435149,446705222.7609052,579005254.8955641,565884886.2236553,370954179.9456186,630794210.0275922,448904076.9245783,2260494799.5217786,472984179.5964844,374233721.7889029,421054986.43844616,402753923.91793895,381651723.2648263,347141191.4964328,228344790.30987737
2023-04-30,5062817299.908373,2078390574.962217,2594293337.996729,762014251.2235478,831512941.2515192,707860458.8042152,495600341.434937,8692255.845109051,762034344.2374771,482583585.2249498,866126444.543367,181261040.10129705,418394796.52855486,361793161.078243,397759847.7790384,515028133.5676315,273267812.1637782,378768250.451436,347711031.5795073,325934712.33966416,273455607.9634694,304813280.4266978,301250356.6297474,319728263.0512244,283735680.4635456,567056715.1591891,389454934.1928876,326723428.1406016,186046957.43124008,244470874.38045147,222634855.3310766,220137637.6951073,229150428.5652121,284154131.75519,375931534.39701873,196455276.6517104,172574880.8895489,283766591.6268895,168547625.20346788,102424744.631296
2023-05-01,6652857694.645696,3223178688.0729446,2643741142.7394905,672483666.5867662,959803786.6609824,713169447.4356196,818448626.6667666,19959640.564494383,754773472.0507042,618296360.2861918,1091226842.0110738,239918921.31689835,610929929.1584712,632806707.4998926,487088104.5871707,499185671.6904592,460390784.1787384,492413661.9815617,470452245.9328254,422504244.9805132,289590628.794634,431177408.4173552,399095001.03377366,314433032.15672183,560499979.1827862,573226101.3977542,488898805.3833047,428165986.7890648,301404871.78474337,271953533.9668212,467072925.593524,326148660.4670849,275932056.56744325,311216225.9533621,376502658.5017729,306734820.3043658,280015831.89986247,294558773.2854006,253089886.22543952,169861767.30399823
2023-05-02,8919019075.83194,4581745384.782217,1988454327.8849504,831048510.6051232,1469141687.401205,1108613889.165847,1397523130.6927884,26634587.26172164,910765003.411547,1227256056.1127932,1266579145.9420187,355104574.06841093,799365778.853345,877119892.3464514,602998240.011266,591857107.8915746,669301070.0624285,746396862.4410344,744192515.0663633,656760124.7349696,451853792.8669033,607903480.020385,620353480.1094855,383081782.54457295,860670825.5148394,608323217.4605895,603884167.3810443,559620285.3050534,420093702.2285583,298653685.13745207,746526990.9751453,524584016.07040495,395502139.5120447,402814017.1281879,370788044.3243719,430840849.4309244,445428583.9786682,323093230.7489283,349854877.44978654,246386441.88418323
2023-05-03,7401584647.138851,3858655714.978342,1985892635.50658,750503588.7911425,1121675461.628081,1429344307.4002676,986272245.3884726,14261838.302816603,822879943.07789,969023054.3745598,1180737195.8838434,231472245.20293072,701237433.6761442,713301821.0064702,481282874.3697525,623504740.117087,583611419.9932052,597998496.8153154,662201425.8339052,612824422.4279861,416466861.5915159,463808643.6675856,591552722.6691468,368629351.1504521,624461015.8201742,599808769.0278039,511024649.23387337,509021755.4069694,525815463.1471223,278406841.382702,612250755.0872409,519890053.691812,434907941.5209162,389593796.4857203,369486351.8906349,360202935.1894028,320280876.3500314,331378476.9401444,291208018.08343655,213347127.48159412
2023-05-04,9499831655.942837,4714912251.36791,1991865982.4199653,906272015.2385308,1374640916.1782591,1221114607.2711244,1137213386.9233892,17345454.153946165,894559242.6571343,1094512891.5480723,1162492057.4682024,277496300.11404026,778675820.0186577,867345030.1645876,691148786.4504657,627721983.2192353,641742585.3303646,932006892.6122372,748284398.1353185,554139310.3475899,445333672.8771637,560256986.8696394,536436732.3914447,391335056.4190058,707706917.3140126,618931854.3954124,590884570.057839,605937302.9147354,525984599.7291773,280296479.2933505,749698619.6007456,452589154.4244704,672351347.7188025,402665485.6971495,372142258.7182335,424024005.6521435,438391922.6116165,331830105.66927,344931205.5446775,250869927.5399934
2023-05-05,7585902237.481203,3602917216.144468,2703315514.606508,1104946696.3346872,1124930629.9643948,1072546829.985002,943691563.683207,12272622.600887597,803087054.955999,863352035.9507694,1275575795.1462493,215432133.80458248,655926045.4119402,735471534.0624461,492580294.35218817,712819991.5139188,604720056.8761191,618196086.594627,675914184.1177435,425366165.88870543,380375749.1904137,397422900.29735935,392946639.3142115,334599288.65738654,502539091.0586188,651900207.9767447,536229009.3326185,495271964.2039992,522191267.7249899,221218403.02473745,513544898.6892378,323097651.4838533,389948826.4296325,398387772.9559345,374344787.4538262,332714798.14790463,344462912.90713966,344908732.50224394,289088194.22452575,257077318.7558656
2023-05-06,9073725253.59277,4528062192.414413,2857472895.4538307,988996746.1608802,1407692972.876668,1431545185.126834,1965168244.731197,21924894.97244072,917803828.3563015,1308510431.4243574,1306813674.0362165,358982675.3079141,1011933845.4286356,156050993.14367607,643087986.0499835,917704934.2935444,1127481474.4948227,753136677.4996843,818146418.3148409,544192447.6314902,462327202.15461,504653537.6719508,524314526.63793296,413230105.5884202,630614725.0842036,1177656001.582863,685430880.233865,558676589.1722535,548568104.464119,227391619.3743953,688585949.4155478,448230026.6787689,547531446.687957,417209243.8887946,379570434.2286352,428720161.460806,361135975.127042,348003568.3682516,377145624.0947398,352229754.47085327
2023-05-07,8511217473.514811,4342849931.756371,2935958952.3811383,1235242310.582011,1187632815.700001,1171605453.002111,1601071837.7759173,12767349.03411516,836312309.2730213,875992561.2245593,779667997.7860218,341218589.698958,799752567.9455637,378472932.27182937,598095859.6937151,892501391.6606717,1151880084.948207,673921183.6121665,742915505.3987209,671628756.5099726,368576395.4305519,494623329.9717697,634262298.7997103,429150468.2928842,654461647.2070076,1186867220.1590064,626821487.0927721,519382482.1032954,349435106.20248175,220868200.08039385,573422942.0173554,553924424.670554,448522892.7474342,394270756.9956189,382118556.9808032,394109264.4501382,294253087.42068297,340530061.7528211,318861827.30860806,180952124.63630924
2023-05-08,5029841833.309464,2403653241.8107195,1559827546.6527565,621376576.1638343,821566898.4405408,753729553.5010529,951418166.4425328,10817620.793212203,636964888.5417346,518302495.9849651,582865890.480718,203499991.53047505,542483987.0503676,432848780.7033394,382849424.2454372,712196476.7721919,520482594.4243111,430819655.9060156,504219202.5843372,425228344.66438,208537767.59609732,286405346.03352773,391413135.0664784,275019359.28355044,429297595.9541199,1084019738.4017673,451556299.2066212,420313678.1949977,187209423.6818752,263589572.5440392,337210346.6722607,338285657.36591,269486529.61519057,289099727.0898154,375121447.1687142,233069711.509656,190823701.07844985,292075468.08275986,206520094.8176927,339404972.990218
2023-05-09,10492014276.754547,5766864262.170544,2493313040.6055703,1147612243.953746,1405977563.7210865,1590677586.936936,1882210700.29995,29168249.51397502,938308804.9599452,1464906513.2314303,921492086.6376764,533713855.7418556,1104000247.4076903,272482033.6187447,795555125.62049,856944311.9316049,1074453406.0170214,969891544.7012362,847987980.3050381,714970700.6192319,578032560.5881667,739915935.7568328,670679775.7921302,421950734.2389673,801903593.12636,1189538336.2222512,605358886.3684781,675713716.0666682,616069349.5223577,411139491.7063604,876618673.854517,548782810.1951482,617786404.6297488,432373658.48586,359858722.69736886,509856472.2754175,499153162.786501,330530276.6123756,421669386.43968,750300766.2399802
2023-05-10,6519275109.270196,3373263103.833137,2253880458.434924,1192355262.840926,1021636439.0045984,982678001.1764964,899277802.6381457,12348841.397807105,728306853.5534096,809327017.2992685,653141397.5630633,267582970.2186528,725450060.7771599,475030622.05438125,448404895.0158703,855862242.2196534,576440556.8271221,548225800.1939828,709028373.398435,495368430.1186387,355627031.09025866,453060196.9129276,454676470.9977159,384418854.54670537,433694667.5964949,1128019948.3522053,446068550.8228339,444082220.00680655,517480074.0450421,381303730.92280906,427791493.7394967,381729337.4761732,341922948.18471223,352587166.8760956,368558849.2484716,292254430.58941936,208213584.33518752,319365027.1824467,254670810.33404663,461360327.1976771
2023-05-11,10381797935.15249,3155531970.9720864,2709785122.360597,1449041518.6175363,1401324944.2178526,1091193317.792369,1762358184.099325,22928267.4275957,840055857.5939122,1441987058.0815969,671422073.6917503,505303007.218897,850628758.4442664,868333383.32483,736548360.800583,800956940.3364965,810622009.6231995,833860987.8955888,768982659.041797,674239365.9299794,629803592.0994217,717904136.5598603,629865241.5965225,413923968.07333887,693366532.8604646,1124117232.941797,594578164.6062092,525540113.6000519,692716721.5380284,463452439.74448913,779399764.5215982,527028040.4230789,567678331.0791728,393235792.0515599,341063530.5851135,484838086.624788,181683116.8689028,340440789.0277018,385424352.1281053,758493933.684017
2023-05-12,8078450146.259251,3842645841.063752,2639944761.9371057,866971222.6327462,1146543035.2868571,1321251170.2988367,1126782735.3114803,12600646.574696522,823500534.2115133,1096951723.7051828,653593883.0021561,435278018.8553091,677862764.6865377,626481995.6992657,556260448.2727513,887623880.0429763,947912323.1911705,672508485.9140873,674391737.3928823,843695293.3662994,378940863.0561813,548388044.6580629,798337713.8052421,338878417.2313695,526600662.1937746,626350144.0477746,500767626.8014121,531218418.4261674,479448207.564175,401866460.65174425,650564733.4761202,683985475.4059303,451797189.5859242,350060150.763302,356614970.91238326,356360740.83194554,130130670.17648876,326799060.5651918,326687389.8270921,544572441.7123872
2023-05-13,8976990268.850931,4640808551.808653,2686145559.364024,1121249057.831893,1235846812.8161943,1216000214.507122,1270991658.583658,20169038.540874768,953180739.3788636,1259635462.3236055,708937056.7130926,501842195.7536079,825239987.0968553,769761468.5255964,592820777.229954,843097911.8288285,930227064.6800568,799532837.3421744,770066664.4478434,625513845.0703522,520476083.0003538,630979095.7555261,606841161.2555978,611129235.6655304,643417499.2403433,327647811.524641,540427484.7859882,560358293.9668548,643684554.0143571,431956670.8312864,815638311.3069494,515104645.026356,450934830.5388873,396646728.96022606,350865933.37080705,432278225.09745497,166003436.87606028,328062462.75387794,361187058.79481286,614487003.3360517
2023-05-14,4450691770.9916725,1928785416.015312,2159954331.653856,514214484.9721272,723057780.2136525,628026294.2493919,673631881.68167,8051255.950142954,637071596.3483025,427781592.9855743,456553911.7997832,225745897.55451897,509390034.9918107,297260959.722249,334337940.6842579,754480215.9673846,587772594.0332081,384210836.45845,436849523.7679392,347957712.0857666,209424735.07521808,269217767.7211276,337139357.74967474,171968896.56834292,339969019.379944,255956791.9298808,362440444.5565602,344449085.1725777,193338482.5540517,334996820.7060768,201212334.97595632,271114440.9995472,181368897.93539977,267107144.2936708,354748988.32992715,189211148.55725616,84722281.35710476,298855092.3045434,160368438.46474564,251182922.8479951
2023-05-15,4147267207.008253,1776648849.1334517,2248270778.524479,493908360.1394903,655909516.2394632,479879271.62953967,598067399.8833945,14258052.982065031,599618784.0615084,385155051.4651475,624451087.2294282,218571757.28206,437695444.8519309,269184450.0858391,287901165.2289065,599772891.6381532,320309065.49266243,340198368.134777,395707202.0895556,273627248.31483024,181541819.4275172,271340507.54834706,263383276.8203399,173011178.23955512,306929189.90088,402058927.23209184,400528985.5386108,324251028.3446833,167568502.81182468,330723652.0272155,177410342.3112283,207144495.2989315,185754209.59530625,252048587.31519088,358853883.30590427,176933009.2722303,79519748.67640467,290224301.6765912,159912532.7654539,270318486.7784454
2023-05-16,6523276491.755224,2985795543.5180206,1923047130.011317,673057919.4604701,752141441.6602799,985623445.7384112,906422461.242184,28650734.316336937,746683453.9277197,914393902.1689644,560613741.9509709,343430450.23513645,570735425.4340189,488084890.5187143,381780143.8327204,694232644.1729254,523627204.2281494,630711121.8023438,552705789.7789677,457592891.5218847,401928604.3492345,436901629.4601253,446489610.54808295,277491146.6673665,461301272.8956505,230278418.8348069,401885967.6371437,426868443.00867534,497083793.9340679,381855736.4898676,539782417.6739802,363813851.3200891,274158210.589919,342012164.9344456,357000862.92271835,288763150.6988281,155870381.51326156,341321076.58219683,265566952.81413147,497586970.873798
2023-05-17,6128529256.493704,2809610077.114957,1564377722.0967317,695358382.6865277,754426630.5552063,844920077.4546835,806073701.6008141,15132202.259948265,717309402.3082781,865088239.203859,558871200.8616308,320575420.414772,579851013.2337235,709977875.3939077,375040654.5260173,633086948.6793003,468374119.0673657,576222239.6443021,503228491.0162672,415545607.5261281,361450269.9360733,413643813.2378087,405707019.7506255,345856687.8236789,399897742.350024,168564817.62571812,377876889.91089857,398246188.2639955,459752768.7374996,332777313.1998418,468529604.4402505,321921330.731796,261442944.3513971,300686228.488084,353937475.5210279,256209912.3344995,136482348.63270575,263678513.93130624,221456983.9343495,420293449.3358366
2023-05-18,7540084027.225898,2746085027.220765,1589623816.683066,989466379.788842,1020671771.082893,1100073171.0175436,937280988.5448405,17745034.84313764,772003748.372847,981865483.3125776,658950183.8887153,416404547.4343559,612100994.9851838,1246473912.3597543,432739001.2362961,627564613.4261504,574792704.3662015,564122447.8710018,574856083.6084187,509490900.5419477,475140336.4547589,561949158.1838372,498589614.9809227,570447539.2596526,489787075.80250216,329504200.6804721,435808418.4117591,431152679.6526648,494843759.6793438,331442333.4798476,526269354.5759797,394154269.6181925,328975576.112227,321866601.0949907,356609503.03229,313885125.7002397,149395597.2482765,257435565.7530736,273984754.4386553,514369797.1976451
2023-05-19,7297437398.856814,2727731517.843175,1589519209.6969843,867391257.4123777,849347107.0670613,750985868.6573733,833738489.627828,15140001.209890466,785587312.842142,871835123.5282363,588821222.4142667,339279484.5591761,532508089.4021415,1378437045.4215152,420666722.06366223,635756225.8798649,474920935.1379639,561077090.9876459,527344658.00057113,462685787.5424751,433553451.7952771,476380391.2221229,446955762.18223846,441131937.6695491,419941560.7298715,332122056.94946384,406376275.2900431,433021423.9253555,435674421.785034,345605751.1326743,548981485.9565061,348335980.9411632,281023942.8615942,310840755.9309821,356632639.01956403,297538759.8687343,145882635.02229008,256224089.5156464,280941791.33598846,519381930.0057256
2023-05-20,5857118318.325613,2359291446.494605,1555330083.0474253,688573536.9540306,701942935.3670012,653295675.7624934,611142695.7965795,15230066.228852255,802272368.7185216,604857103.6490713,625119467.4746878,256327745.793924,458461416.1418988,931936030.1989264,330529753.2498365,604960627.5679166,325479581.37038225,419982380.88816905,340160098.0601272,352975592.1643004,284103082.5654772,383878073.50385153,329260871.1120343,386056455.7207272,318016381.65936184,295248108.5437548,377322783.2675467,375461684.8302513,360388221.7212386,301773277.84361225,426529455.220553,263021127.0395689,283545933.3252475,268776989.30592453,341924792.30313945,216060589.43823647,99757102.47289644,234041602.2538498,213793729.5756562,380692401.9869583
2023-05-21,3186821554.704725,1293160301.50505,1470636308.654937,420795213.38282055,449698103.35888326,417763800.13953376,394346135.9207583,9643605.651245989,541162195.415841,284797554.2594654,416148341.08212006,149950282.7183609,326480307.6437256,438263545.0969579,223393796.54644665,439479497.2161894,261615490.05023432,207257835.20413592,224696775.1360328,188479287.33164772,159335196.61613292,200321464.2203276,178526885.97490546,226627351.50430763,204974085.42156544,195230427.1801716,302879373.5696374,238176520.87215972,134571581.93161026,262381169.98233035,80548965.32666592,130226085.04286134,115404377.52370316,188603806.8891427,363676413.5408666,120117442.76084994,49015480.13863541,187269425.3145951,112060122.33098856,184836188.0682736
2023-05-22,3912979357.29456,1685893176.4759877,1569993905.3568852,421085122.9811959,571929669.2642934,426764496.36170655,491860215.6671338,19811153.8721543,557783930.3669745,373459689.20799136,425944233.99852,191617835.28959104,302700500.8624296,619338373.3073444,259865291.23473164,331899214.5157268,319605258.3905348,277764488.1161072,255362848.45669305,255635358.84791148,155291346.03016615,260529601.85906368,244362881.6158021,179335109.44779345,234610344.1365512,220346890.9132874,320533531.0708934,282170538.6548,164911632.58776742,281247397.03051275,138200534.18859932,187239557.33591425,152616527.7180828,215039263.8695964,365766139.2303588,162286085.84094822,81202296.80474883,201288898.73427448,142819210.15438598,252115571.40595692
2023-05-23,5527207633.674805,2264239280.7567225,1629522515.7064557,634498593.0913652,670432239.2346462,718901581.7687988,627843740.3134122,24011522.4763527,676845980.9242898,751872683.2430221,677131041.7965057,255074152.89200816,380639002.8428941,864969214.8076887,318128976.8733699,395750076.1628413,501415350.03052425,454178930.5768369,216687057.83239248,368145152.0667768,319733404.6303693,387058178.5915023,359864956.0837002,299593430.79002947,325109372.2353633,269150965.539426,374298411.75123054,351311589.1548532,383831087.6544935,294956933.5038607,329219743.67928976,289714018.03253865,199304075.6386343,258928566.12116,368151732.9709384,220817201.19656545,128911888.42489108,229853266.44591343,201867017.79238132,345001156.2126633
2023-05-24,6835914452.469229,3022787182.154948,1708010958.2220922,578733394.2608443,786945714.3861934,814750626.6138213,845573027.0656058,19503026.20118844,756989425.5971086,838043313.610849,705113353.3722359,327649659.5947422,401986857.33682233,1336138903.0261345,382312637.7420581,529814132.5203343,614208629.7170472,578947995.0552639,242469218.0146421,460936890.3257642,384330335.6066704,419183378.8632976,450252742.3240275,527326071.71998346,378781677.3585104,298188374.7462012,404183315.1879666,364805075.0581712,455294035.4442102,328484188.2463636,362586083.64314425,368559895.2178907,280161797.23656106,307186010.7638658,374552427.47099024,317913311.59975666,152992442.3782935,267957640.7134328,263460297.75958228,496648454.9284228
2023-05-25,8578366918.217305,3942385152.152975,1660977426.0875454,700791717.3175478,1016355884.90452,981937858.2055992,1139267910.9642377,19854154.73637303,827117881.7634833,1074762710.1684546,707199830.2577443,419437381.3616646,493221464.8586959,1553420452.765218,427878557.5990577,574599140.7429541,650670331.6121237,713230940.8124205,299385239.39574087,605923768.301085,477440097.6324897,554878580.1718309,595841245.9413775,511649393.08865273,403993872.4752356,302996871.48066074,406611096.2717408,404191973.1985616,556573473.6397836,349359486.03108466,541269661.5049894,454060194.037699,347984235.2048561,357215504.91326255,367286712.8902632,394253168.7878983,179062192.45142668,290293775.9193332,330566982.7370593,604579619.0170101
2023-05-26,7078197224.608431,4357660637.408377,1857666748.506307,638978181.227262,824708417.4569668,1090495802.1790469,759116662.7176923,13668812.817654036,770517056.5396339,863346841.8870326,665703096.9171298,317229636.10096747,441127474.7994868,1192165085.625409,391602383.9656192,629389677.6809402,498601004.3096902,619060097.3301867,277821633.17557806,530754818.076225,392211867.7997384,409862904.5875844,518233693.8067172,417575891.0158976,356537959.5988544,311495747.3359122,379928411.72831625,372730339.5329316,435503760.81261206,248114977.4681421,445003988.3828346,392553752.24913377,294462488.034834,301403395.9107085,365261956.0781311,286110218.1251307,134935181.65481794,261669234.7157979,248515961.0094732,352844229.82109845
2023-05-27,6411960386.595021,4039173927.061888,1965287252.2417,476388359.6969925,785048275.9599615,734955668.1524005,627811725.7146124,14821850.773499455,723104655.7638202,761809871.1678681,620421567.2718496,282474323.3978509,401032647.2983305,1114421715.1788418,361933051.99655086,562200519.4756945,410694009.1608962,494815697.00022393,321028097.0551398,365413382.6227866,333074845.33616936,419283859.5102152,356884623.4082138,426819893.5477455,301521072.6240901,273299108.1043355,366060955.7456555,316664437.0663769,399709157.8410009,244196759.6613343,308674251.54621804,261067683.2948302,245979731.2076409,306828512.0308834,363318426.85245126,269153859.467396,104380829.26692864,291388766.15232456,241882789.8120972,240816360.4454324
2023-05-28,3691300161.06879,4036752229.576644,1466170129.0033226,337863066.7238043,506751894.7329387,426421629.0393087,349110367.60804266,9201580.44003822,553176845.347955,312941012.1891943,430420025.77869385,165163172.6181524,272426546.3976398,440626778.756727,263089726.90927416,460755474.6647945,250474624.00468293,235744160.7083976,196197593.23808688,267393368.1399903,194409368.311606,221642244.32838604,254586451.8146105,236048176.4977588,182496464.04533944,223673675.962066,322280727.27255505,231961560.54491547,138016691.4787203,257350881.5288478,80679467.79689927,161668303.76763198,132455041.93402332,210835959.43793508,368917300.2010955,127544104.83191942,53179236.12123177,226512798.88205105,120486755.58800064,110040349.16381244
2023-05-29,5906889275.796307,4039943289.891044,1608763913.6980689,546801235.0500587,726033677.1840842,1061821806.984782,668958691.2539986,26905592.259549025,686401573.837406,594301456.8859016,546806967.5145272,298521683.0670744,402336841.1975681,1088506078.5028627,361731605.94899696,387396023.0124953,426051106.1618422,352190527.34642464,330312462.7486076,398129781.03238297,283896490.80953294,344793107.14477754,392187070.669036,354374619.5396587,379256080.4988506,273392210.2833479,356314443.9811585,321606681.3247836,280998727.2849612,407692086.58012354,207093004.25691992,292539969.3780851,247807998.6234249,280172068.41622066,370366430.6350536,247240019.37726825,108462081.933862,273313994.70238066,224019239.4553233,227700196.61383533
2023-05-30,8496789657.529832,3512348628.128905,1789077537.8026793,797856410.6817645,965073615.142106,1263381576.2262924,954111804.8851486,21117905.65616444,396051415.7569095,938733248.4689124,701989207.0897889,444660814.6664819,535705039.3025973,1561885409.785928,506294045.8759239,603703954.8024511,612663364.9353976,629634469.9351625,489469485.6769111,637030984.1109571,421771892.1174154,505623690.6827977,618426413.7144104,486767479.5252339,542841242.7927486,319571144.94828224,425413510.59047234,407491374.4651008,422808715.3448919,474145225.30647,464075758.102623,478432242.9994378,334555809.43176484,380906940.3820548,373764645.22338927,329731720.0666472,154426323.46484742,308294780.4250129,312350924.53915524,335452341.8559072
2023-05-31,7234843242.299623,2859038862.362289,1853498426.3601189,739888212.6347111,811608073.2923219,961635059.2716244,687721401.1350151,17637277.449820444,543239325.1063784,945173184.788438,661867262.6760333,363709066.4185273,503410462.4154241,1069482741.7709444,491237460.6998143,540489227.4679013,584723887.6290551,645252508.4082876,450106461.3921357,399239968.9532985,390105530.90761137,501762930.40305257,391860363.1685181,397382451.9786598,371644187.4098023,300027258.8443792,381711137.20104367,395774290.9134343,507506113.5375361,358989495.8628215,396263671.3755549,287461924.7362416,282355683.949551,317001585.6694324,380296910.23952615,250403537.25181425,128161414.4718942,280202651.77079487,248897577.38925144,281630834.154484
